{
  "hash": "7cbd0439",
  "configHash": "443e6b48",
  "lockfileHash": "ac41cf6f",
  "browserHash": "88ba10d0",
  "optimized": {
    "@angular/common/http": {
      "src": "../../../../../node_modules/@angular/common/fesm2022/http.mjs",
      "file": "@angular_common_http.js",
      "fileHash": "d5c1a394",
      "needsInterop": false
    },
    "@angular/core": {
      "src": "../../../../../node_modules/@angular/core/fesm2022/core.mjs",
      "file": "@angular_core.js",
      "fileHash": "06ffbd30",
      "needsInterop": false
    },
    "@angular/platform-browser": {
      "src": "../../../../../node_modules/@angular/platform-browser/fesm2022/platform-browser.mjs",
      "file": "@angular_platform-browser.js",
      "fileHash": "b32081d5",
      "needsInterop": false
    },
    "@angular/router": {
      "src": "../../../../../node_modules/@angular/router/fesm2022/router.mjs",
      "file": "@angular_router.js",
      "fileHash": "ebc99cbc",
      "needsInterop": false
    },
    "@angular/forms": {
      "src": "../../../../../node_modules/@angular/forms/fesm2022/forms.mjs",
      "file": "@angular_forms.js",
      "fileHash": "246510cd",
      "needsInterop": false
    },
    "rxjs/operators": {
      "src": "../../../../../node_modules/rxjs/dist/esm5/operators/index.js",
      "file": "rxjs_operators.js",
      "fileHash": "ad1383b2",
      "needsInterop": false
    },
    "rxjs": {
      "src": "../../../../../node_modules/rxjs/dist/esm5/index.js",
      "file": "rxjs.js",
      "fileHash": "4449e108",
      "needsInterop": false
    }
  },
  "chunks": {
    "chunk-YTMREFTW": {
      "file": "chunk-YTMREFTW.js"
    },
    "chunk-XBAMCXCF": {
      "file": "chunk-XBAMCXCF.js"
    },
    "chunk-YR2ST67O": {
      "file": "chunk-YR2ST67O.js"
    },
    "chunk-FH6MQMEX": {
      "file": "chunk-FH6MQMEX.js"
    },
    "chunk-V2DXGMIT": {
      "file": "chunk-V2DXGMIT.js"
    },
    "chunk-UKEHM6V6": {
      "file": "chunk-UKEHM6V6.js"
    },
    "chunk-ZDOIMVJD": {
      "file": "chunk-ZDOIMVJD.js"
    }
  }
}